question,answer,contexts,ground_truth,faithfulness,answer_relevancy,context_precision
What is the body weight for vehicles below 3 tonnes in the load schedule table?,"For vehicles with a gross weight below 3 tonnes, the body weight specified in the load schedule table is **0.12 tonnes** (or **120 kg**) [Source 1].","['|**GrossVehicle**|**CabWeight**|**BodyWeight**|\n|---|---|---|\n|**WeightinTonne(t)**<br>(1)|**in Tonne(t)**<br>**(2)**|**in Tonne(t)**<br>**(3)**|\n|Below `3`<br>`3`and above|Not applicable<br>Not applicable|`0.12`<br>`0.20`|\n|but less than 4|||\n|4 and above|Not applicable|`0.40`|\n|but less than 6|||\n|6 and above<br>but less than 10<br>10 and above|`0.40`<br>`0.40`|`0.70`<br>**_1,00_**|'
 '| GrossVehicle     | CabWeight      | BodyWeight   |\n|:-----------------|:---------------|:-------------|\n| WeightinTonne(t) | inTonne(t)     | inTonne(t)   |\n| (1)              | (2)            | (3)          |\n| Below 3          | Not applicable | 0 12         |\n| 3and above       | Not applicable | .            |\n|                  |                | 0 20         |\n|                  |                | .            |\n| but less than 4  |                |              |\n| 4and above       | Not applicable | 0 40         |\n|                  |                | .            |\n| but less than 6  |                |              |\n| 6and above       | 0 40           | 0 70         |\n| but less than 10 | .              | .            |\n| 10and above      | 0 40           | 100          |\n|                  | .              | ,            |'
 '## **B-4.3 Calculation of the Gear Weighting Factor**'
 '## **B-3.2.2** _Test Mass of the Vehicle_'
 '40 ±1 km/h for vehicles with a _PMR_ ≤ 50; and 50 ±1 km/h for vehicles with a _PMR_ > 50.'
 '## **B-3.2 Conditions of the Vehicle**'
 '_a_ wot ref = 2.47 × log( _PMR_ ) – 2.52 for vehicles with a _PMR_ ≤ 50; and _a_ wot ref = 3.33 × log( _PMR_ ) – 4.16 for vehicles with a _PMR_ > 50'
 '(75 ± 5 kg equates to mass of the driver and instrumentation)']","For vehicles below 3 tonnes gross vehicle weight, body weight is 0.12 tonnes and cab weight is not applicable.",1.0,0.946385343787118,0.99999999995
What is the gross vehicle weight and body weight in the load schedule table for vehicles between 3 and 4 tonnes?,"For vehicles with a gross vehicle weight between 3 and 4 tonnes, the body weight specified in the load schedule table is 0.20 tonnes. The gross vehicle weight for this category is not explicitly stated in the table, but it is implied to be between 3 and 4 tonnes. The cab weight is noted as ""Not applicable"" for this weight range.

Here is the relevant information from the table:

| Gross Vehicle Weight (t) | Cab Weight (t)       | Body Weight (t) |
|--------------------------|----------------------|------------------|
| 3 and above but less than 4 | Not applicable      | 0.20             |

[Source 1]","['|**GrossVehicle**|**CabWeight**|**BodyWeight**|\n|---|---|---|\n|**WeightinTonne(t)**<br>(1)|**in Tonne(t)**<br>**(2)**|**in Tonne(t)**<br>**(3)**|\n|Below `3`<br>`3`and above|Not applicable<br>Not applicable|`0.12`<br>`0.20`|\n|but less than 4|||\n|4 and above|Not applicable|`0.40`|\n|but less than 6|||\n|6 and above<br>but less than 10<br>10 and above|`0.40`<br>`0.40`|`0.70`<br>**_1,00_**|'
 '## **B-4.3 Calculation of the Gear Weighting Factor**'
 '| GrossVehicle     | CabWeight      | BodyWeight   |\n|:-----------------|:---------------|:-------------|\n| WeightinTonne(t) | inTonne(t)     | inTonne(t)   |\n| (1)              | (2)            | (3)          |\n| Below 3          | Not applicable | 0 12         |\n| 3and above       | Not applicable | .            |\n|                  |                | 0 20         |\n|                  |                | .            |\n| but less than 4  |                |              |\n| 4and above       | Not applicable | 0 40         |\n|                  |                | .            |\n| but less than 6  |                |              |\n| 6and above       | 0 40           | 0 70         |\n| but less than 10 | .              | .            |\n| 10and above      | 0 40           | 100          |\n|                  | .              | ,            |'
 '40 ±1 km/h for vehicles with a _PMR_ ≤ 50; and 50 ±1 km/h for vehicles with a _PMR_ > 50.'
 '## **B-3.2.2** _Test Mass of the Vehicle_'
 '_a_ wot ref = 2.47 × log( _PMR_ ) – 2.52 for vehicles with a _PMR_ ≤ 50; and _a_ wot ref = 3.33 × log( _PMR_ ) – 4.16 for vehicles with a _PMR_ > 50'
 '## **B-3.2 Conditions of the Vehicle**'
 ""||||(_Clause_ 4.1)|\n|---|---|---|---|\n||**Symbol**|**Units**|**Explanation**|\n||_AA'_|–|virtual line on the test track|\n||_a_wot|m/s2|calculated acceleration|\n||_a_wot,ref|m/s2|prescribed reference acceleration|\n||_a_urban|m/s2|prescribed target acceleration|\n||_BB'_|–|virtual line on the test track|\n||_CC'_|–|virtual line on the test track|\n||_k_<br>_k_p|–<br>–|gear weighting factor<br>partial power factor|\n||_L_|dB(A)|sound pressure level|\n||_l_PA<br>_m_kerb|m<br>kg|pre-acceleration length<br>kerb mass of the vehicle|\n||_m_t|kg|test mass of the vehicle|\n||_n_|min-1|measured engine speed|\n||_n_idle<br>_n_wot(i)<br>_PP'_|min-1<br>min-1<br>–|engine speed at idle<br>_n_PP_'_corresponding to_L_wot(i)<br>virtual line on the test track|\n||_PMR_<br>_P_n|–<br>kW|power-to-mass ratio index<br>rated maximum net power|\n||_S_|min-1|rated engine speed|\n||_v_<br>_V_Max|km/h<br>km/h|measured vehicle speed<br>maximum speed|\n||_v_test|km/h|prescribed test speed|""]","For vehicles with gross vehicle weight 3 and above but less than 4 tonnes, the body weight is 0.20 tonnes.",1.0,0.9819577312402613,0.7555555555303703
What does IEC 61672-1 2002 specify?,"The provided context does not contain any information regarding IEC 61672-1:2002. Therefore, I cannot specify what this standard entails. Please provide additional context or excerpts related to IEC 61672-1:2002 for a more accurate response.","['## **6.1 General Specifications**' '## **D-3.2.2** _Design Guidelines_'
 '## **D-3.2.1** _Basic Design Requirements_'
 '## **Bureau of Indian Standards**'
 '## **B-1.1.3** _Compliance with Requirements_'
 '## **D-6.1 Documentation of the Test Surface**'
 '## **B-1.3 Meteorological Instrumentation**'
 '## **F-3.2.3** _Data Processing and Reporting_']",IEC 61672-1:2002 specifies electroacoustics sound level meters part 1 specifications.,1.0,0.0,0.0
What are the test speed conditions for vehicles with PMR greater than 25?,"The provided context does not specify the exact test speed conditions for vehicles with a PMR greater than 25. However, it does mention that vehicles with a PMR not exceeding 25 are tested at 40 ±1 km/h, and for vehicles with a PMR greater than 50, the test speed is 50 ±1 km/h [Source 7]. 

Unfortunately, there is no specific information regarding the test speed conditions for vehicles with PMR values strictly between 25 and 50. Therefore, I cannot provide a definitive answer for that range based on the available context.","['## **B-3.3.2** _Operating Conditions for Vehicles with PMR_ ≤ _25_'
 '## **B-3.3.3** _Operating conditions for vehicles with PMR > 25_'
 '## **B-4.6.2** _Vehicles with PMR > 25_'
 'Vehicles with a _PMR_ not exceeding 25 are tested in a single gear or gear selector position only under full throttle. The final test result is the sound pressure level _L_ wot,(i) mathematically rounded to the nearest first decimal place (for example XX.X).'
 '## **B-4.6.1** _Vehicles with PMR_ � _25_'
 '## **FLOWCHART OF THE TEST PROCEDURE FOR THE TEST OF THE  VEHICLE IN MOTION  FOR VEHICLES OF CATEGORY L2 WITH PMR** � **25**'
 '40 ±1 km/h for vehicles with a _PMR_ ≤ 50; and 50 ±1 km/h for vehicles with a _PMR_ > 50.'
 'The vehicle shall be tested at each of the following operating conditions:']","For vehicles with PMR greater than 25, specific test speed conditions apply as defined in section B-4.6.2.",1.0,0.0,0.608333333318125
What acoustic measurements are required in section B-1.1?,"In section B-1.1 of the IS 3028 document, the required acoustic measurements include the assessment of sound levels emitted by vehicles. This section outlines the specific methodologies and conditions under which these measurements should be conducted, although the exact details of the measurements are not provided in the excerpts available.

For a comprehensive understanding of the acoustic measurements, it would typically involve the use of sound level meters and adherence to specified test conditions, which may include vehicle configurations and environmental factors. However, the specific parameters and methodologies for the measurements in section B-1.1 are not detailed in the provided context.

For further details, it would be necessary to refer directly to the full text of section B-1.1 in the IS 3028 document [Source 1].","['## **B-1.1 Acoustic Measurements**'
 '## **B-4.5 Processing of the Sound Pressure Measurements**'
 '## **6.2 Specifications Regarding Sound Levels**'
 '## **D-2.2 Sound Absorption Coefficient**'
 '## **B-1 MEASURING INSTRUMENTS**'
 '| 971241EC   | Col1          | Permissible        | sound level and exhaust system of Two                        | or Three-wheel   | Col5   | motor vehicles   | Col7          | Col8   |\n|:-----------|:--------------|:-------------------|:-------------------------------------------------------------|:-----------------|:-------|:-----------------|:--------------|:-------|\n| 70/        | 157/EEc       | Amended            | by Directive 96/20iEC                                        |                  |        |                  |               |        |\n| IEC        | 651:1993      | Sound level meters |                                                              |                  |        |                  |               |        |\n| 1S0        | 10534 -1:1996 | Acoustics          | Determination of sound absorption                            | coefficient      | and    |                  | impedence     | in     |\n|            |               |                    | —                                                            |                  |        |                  |               |        |\n|            |               | impedence          | tubes Part 1:Method using standing wave ratio                |                  |        |                  |               |        |\n| 1S0        | 10534 -2:1996 | Acoustics          | Determination of sound absorption                            | coefficient      | and    |                  | impedence     | in     |\n|            |               |                    | —                                                            |                  |        |                  |               |        |\n|            |               | impedence          | tubes Part 2: Method using two microphones                   |                  |        |                  |               |        |\n| 1S0        | 10844:1994    | Acoustics          | — Specification for test tracks for the purpose of measuring |                  |        |                  | noise emitted |        |\n|            |               | by road vehicles   |                                                              |                  |        |                  |               |        |'
 '## **D-4.2 Sound Absorption Coefficient**'
 '## **B-2 ACOUSTICAL ENVIRONMENT, METEOROLOGICAL CONDITIONS AND BACKGROUND NOISE**']",Section B-1.1 specifies acoustic measurement requirements for noise testing of vehicles.,1.0,0.0,0.6666666666333333
